Dimension,EDI Score
605,0.7619641087991331
445,0.7597139512600151
180,0.7294451890561097
398,0.7288663250409422
663,0.7118872934641971
291,0.6921642865434681
306,0.6718850907976159
581,0.6627239891183556
269,0.6579367109374041
264,0.6568001628238427
144,0.6554839331391609
15,0.6507406370344022
740,0.6496287403807293
441,0.6492177512377141
686,0.6476911740582052
661,0.6329606479102821
498,0.6322583488452982
139,0.6316935968419783
692,0.6308705359528576
163,0.6213882916614216
