Dimension,EDI Score
686,0.934180427801641
441,0.9321526509937581
663,0.9294611002346882
139,0.9293704695167171
692,0.9245409401498871
269,0.913536979780069
605,0.9092588486789339
144,0.9020034533613148
191,0.8945368077687078
442,0.8887047242101608
445,0.8879712794199377
736,0.8854736645388658
732,0.8777829415906473
661,0.870931753648554
26,0.8634005134319501
602,0.8627352051505521
319,0.8582468583728078
581,0.852135288235209
478,0.7679216881336554
398,0.7358843589476795
