Dimension,EDI Score
605,0.7484594299423794
445,0.7483709478361277
398,0.7298854257609706
180,0.7215437487289713
663,0.7084642535292113
291,0.705819904623296
306,0.6668171227059465
581,0.6617462340206344
441,0.6514209352660703
269,0.6511074837866452
15,0.6476573742532392
740,0.6420914055300422
144,0.6420480749938454
686,0.641693358221895
264,0.6408655561976887
139,0.6366687650633885
661,0.6346565338894279
498,0.6331379839872181
692,0.6255679931495676
163,0.6176817994052847
