Dimension,EDI Score
417,0.8063742204560579
74,0.7774311237286434
663,0.7220508362378502
138,0.679986637432529
622,0.6530251367280018
549,0.6501915193557904
258,0.648650860697895
40,0.6432576720954398
541,0.6261648117318852
283,0.616136165335989
225,0.6095165968052633
52,0.6022506435635726
374,0.5939874342320277
743,0.5866127440435616
510,0.5774484825760633
437,0.5744581062562033
297,0.5736024493137634
223,0.5699244781050063
508,0.5683118900806898
141,0.56530049765922
