Dimension,EDI Score
417,0.8128509004199337
74,0.7772503667339256
663,0.7221317989755596
138,0.6802577441305344
622,0.65919862709819
258,0.6565935042637695
549,0.6509053868800819
40,0.6321414606467648
541,0.6189100498170901
225,0.6142213788865114
283,0.6111182117747463
374,0.6004445823692071
52,0.5946270556869957
743,0.5864516363206039
223,0.5790575718042671
437,0.5751579501203956
510,0.5732338271414584
297,0.5711041590368051
508,0.5660568205361882
155,0.565004592549495
