Dimension,EDI Score
544,0.9430056740900356
281,0.7620487476427128
737,0.7582765770720472
171,0.7539755800464871
251,0.7186779948720932
363,0.6962101709356193
451,0.6916038733739289
473,0.6832101253398409
452,0.6774845763547335
643,0.6746039279932055
229,0.6540486733001577
505,0.6424304539232343
684,0.6405739736178244
220,0.6385910055878355
654,0.6371022477351214
392,0.6292360350579369
264,0.6284686477003794
642,0.613927388242181
40,0.6133630169368677
604,0.6129779089454023
