Dimension,EDI Score
544,0.9451597847791089
171,0.7567586622518151
281,0.7543192451031547
737,0.7493246302882498
251,0.7119395060526771
363,0.6999307333862052
451,0.6948150765620493
473,0.6798571823272364
452,0.6666093073698551
643,0.6594254547568282
229,0.6524177443004535
220,0.6442233289136622
684,0.6436304399831746
505,0.6385270660581028
392,0.6359826084740268
654,0.6327767210643945
264,0.621803459594652
642,0.6180832949133162
604,0.6172134606407473
40,0.6166909519023378
