Dimension,EDI Score
544,0.9984163157383754
251,0.9651626579545954
171,0.9457147368522172
451,0.9378365428354258
281,0.9238864415231909
737,0.9199556176612027
96,0.9107183467920557
85,0.9081733038251482
642,0.8995368780081828
692,0.8968798504419594
507,0.8926857628644688
411,0.8848200959738177
654,0.8846203419380598
101,0.873304794500722
304,0.8683757128121086
220,0.8584498552734474
741,0.8545385371844786
693,0.8468608546200724
542,0.8104143819840479
363,0.7489174864133279
