Dimension,EDI Score
431,0.9937160990820624
623,0.9936128675740343
500,0.9624859379415427
505,0.9355931473694632
96,0.925030517191616
461,0.9162813960831465
613,0.9053744806716593
397,0.8972046800121308
594,0.8922485171897103
662,0.8880798078558046
190,0.8839031728466086
609,0.8826306181556518
74,0.8808142392451301
304,0.8789774731928346
366,0.8735276124636463
407,0.8718598564492281
127,0.8661563793543728
460,0.8496035959657419
182,0.8273281236890418
616,0.8036234999002841
