Dimension,EDI Score
500,0.9118035265695761
431,0.9028294366403691
461,0.8435982169459837
594,0.7776863658507271
505,0.7610103590373872
74,0.7397600952826947
190,0.7347305387526247
46,0.7325495808879199
304,0.7275438125748311
401,0.7190829320033523
733,0.7150081418524625
460,0.7040662242986413
662,0.700987853942572
715,0.6972338515553123
366,0.6949074672323845
96,0.690384674795291
99,0.680759918353884
698,0.6784280276688933
397,0.6668506646515758
349,0.6633556665569269
