Dimension,EDI Score
500,0.9131528379575959
431,0.9041224770708214
461,0.8408153791279623
594,0.7927182145180482
505,0.7670979411391026
74,0.7398300539079616
46,0.7361984791292955
190,0.7270995573397676
304,0.7258336077011158
401,0.724451705477599
460,0.7084056521791202
733,0.7039228895629978
662,0.701400667574512
366,0.693210756627747
715,0.6925948149248734
96,0.6866604698947523
99,0.6797012881521548
698,0.6794146683874535
397,0.6667401391469719
623,0.6601329101269934
