Dimension,EDI Score
501,0.8581919874248037
432,0.8560079268793761
462,0.8178404104590802
506,0.7795331981202951
595,0.7663111906732643
47,0.7351956701645083
191,0.7137157742289472
402,0.7094512294145472
461,0.7013554014715531
305,0.6992299145982507
75,0.6978793622833374
663,0.6912126428228393
716,0.680252371132323
100,0.6747832990983664
734,0.6734440867008076
367,0.6636094964396472
350,0.658881113056281
655,0.6572352984789366
699,0.6441110442683005
97,0.6428338194175955
