Dimension,EDI Score
180,0.9454636354217103
467,0.7581905229230392
683,0.7529040174599317
308,0.7100225617296227
135,0.6451089453223289
123,0.6393451753137962
300,0.629859584045246
390,0.624469491707671
669,0.6137788799675302
432,0.6115880005127322
585,0.6086791052109894
319,0.6062382288945479
385,0.6016867547336125
602,0.5973500290486002
430,0.5930620497807265
144,0.5895631098599319
400,0.5832063419118184
670,0.5777779596343393
527,0.5777424734441166
301,0.5733877849782353
