Dimension,EDI Score
181,0.8977164922799707
309,0.7470626697480215
468,0.7398940044074436
684,0.7121941338426164
433,0.6743554141114465
136,0.6299618835339037
391,0.6278609283043134
301,0.6182297304308423
124,0.6154588975943163
670,0.6118487197565936
386,0.6063793645047262
586,0.6012444711179863
431,0.5971029114194871
145,0.596974634593642
266,0.5888264665793775
671,0.587295033793178
528,0.5830326405131965
302,0.5818681114026549
320,0.5803795771067556
401,0.5763125005116655
