Dimension,EDI Score
180,0.9380548053501061
467,0.7583435875379203
683,0.7413036657373592
308,0.7043342002288084
135,0.6435210777800202
123,0.6342318362843482
300,0.6171051737973516
390,0.6151386283306942
432,0.6117290978285208
669,0.6110138151128954
385,0.61018926191998
319,0.606249076982633
585,0.6059723105568163
144,0.5907745838801575
430,0.5893549987989937
602,0.58768255545312
400,0.5811407029953944
527,0.5786713723081554
142,0.5694740825294495
670,0.5685314265392784
