Dimension,EDI Score
180,1.0
467,0.9422169256193158
613,0.9077721893893653
742,0.90691740326362
356,0.897667972108707
35,0.878177426746946
385,0.8752264640036811
585,0.8700190841413323
669,0.8628810550056485
300,0.8568922143957863
230,0.854544538479425
527,0.8512075915133285
315,0.8493089560919207
350,0.8112763527756524
517,0.8030345894426042
683,0.7613975706990719
553,0.7538189843448626
142,0.7370705745528873
144,0.735759877310084
390,0.7340479734903449
