Dimension,EDI Score
586,0.8634693581659274
684,0.8429033561251439
718,0.8409529895381005
641,0.818491952027095
335,0.806296534127237
38,0.7500954961203811
548,0.7437992017448566
45,0.7406081924292894
522,0.7360148938462162
4,0.7313524692910172
194,0.703615354896337
485,0.6935168992024947
264,0.6872919597300204
592,0.6848579572178694
556,0.6764274313312635
699,0.6720846304939068
653,0.6691525617111412
470,0.666297324451059
515,0.6607325209446326
727,0.6607196381449061
