Dimension,EDI Score
38,0.9572692248488812
470,0.9444885809171002
586,0.9428359583666336
641,0.9297997147977743
522,0.9296940264215772
335,0.9266383442710174
684,0.9179191544860794
4,0.9168890471761524
620,0.912262065482804
548,0.9049860585630185
448,0.8977327948357333
653,0.8958563668635637
556,0.889681597666715
264,0.8833191672708458
393,0.8820232867826119
411,0.8815129978194562
156,0.8760219185722945
330,0.8575946449334019
60,0.8573787325640979
717,0.8456885891480319
