Dimension,EDI Score
3,0.8594782671515666
587,0.7841721216259812
685,0.7216277019089467
642,0.7141216170591931
471,0.7015462819865402
46,0.6819242184873687
742,0.6760680441770508
433,0.6472575155443079
679,0.6371420822723756
103,0.6350127818227131
412,0.6345966444876519
503,0.6336361736552183
396,0.630596203619008
291,0.6305162804830104
364,0.6292793791415795
336,0.6269581476621447
732,0.6246300461939284
610,0.6246095517494671
559,0.6231571652504942
402,0.6187843449020879
