Dimension,EDI Score
2,0.8950484440213566
586,0.822833466289635
470,0.7528808085330916
641,0.7478854757573786
684,0.7418143788130902
45,0.7264262530558158
741,0.7004682251187296
363,0.6690738167446183
335,0.6686388782853826
102,0.6677926474100218
290,0.6593870725151221
411,0.6576725618191912
558,0.6486869935185736
678,0.6482653294632117
395,0.639908266300099
502,0.6330630398928379
401,0.6275210769765958
609,0.6260584357455115
9,0.6232704407165335
1,0.6189613641700362
