Dimension,EDI Score
180,0.8456802318574599
575,0.7740270574299561
411,0.7509155409173245
75,0.7428647305158915
142,0.7415918748301068
619,0.6986598018444641
265,0.6934058343857752
683,0.6841559656131229
68,0.6722744626497762
273,0.6605807907625514
308,0.6516940339013466
294,0.6429876464166997
313,0.6421208200457189
585,0.6365009809714682
331,0.6233422550538683
372,0.6216707833665345
178,0.6202803899078843
179,0.6165294086445916
120,0.6090949712649512
188,0.6062258091499977
