Dimension,EDI Score
180,0.8527559639981166
575,0.7724378983707455
411,0.7540653289155355
142,0.7382944911148537
75,0.7368306183425805
619,0.6936085897970686
683,0.6886224970632098
265,0.6868893563900181
68,0.6725988958787614
273,0.6531242449539643
308,0.6516940339013466
294,0.6443577190719301
313,0.639242615127529
585,0.6348212095768967
331,0.624793216521573
178,0.6184307193324979
179,0.6162704048340473
372,0.6160015191169019
120,0.6083068234752581
758,0.6029277048223816
