Dimension,EDI Score
577,0.9693231140293278
43,0.9530179485645109
210,0.9513778421838679
60,0.9386670273507436
387,0.937439836425528
539,0.9292268534508608
745,0.9236147411159883
97,0.9150604225690285
715,0.9136985263867325
352,0.9053966521692125
16,0.9005991071324242
695,0.8979375433983333
483,0.8978921106012989
54,0.8892102979574217
558,0.884474931314172
71,0.8760285684005714
331,0.8709351316530085
418,0.8646781460540637
765,0.8589868748779581
637,0.8429591079904514
