Dimension,EDI Score
577,0.90345369958526
210,0.803559624623923
387,0.748836016885671
43,0.7392817267678752
60,0.7032943576973926
539,0.7001654253729334
745,0.6979006440145384
483,0.6731733609878567
731,0.6673630028052613
54,0.6610210098181889
303,0.6601153611876059
217,0.6593064670346462
16,0.6581460905709424
522,0.6515448698251732
441,0.6499215710677345
418,0.6446651155509824
756,0.6440874688446335
431,0.6429800136227242
715,0.6413763453790611
548,0.6375777801577194
