Dimension,EDI Score
577,0.8906306414092852
210,0.7954753367258884
43,0.7441569793641776
387,0.7427170447134487
539,0.707962174818101
60,0.7011232132851689
745,0.6903979628616708
54,0.6700446861091855
483,0.669069651905041
441,0.6602889363610431
16,0.6577130235680653
731,0.6576874270500992
303,0.6570978024458025
217,0.6524345894602406
418,0.6477525916018537
522,0.6450700119216614
756,0.6368032938286775
431,0.6361311107289214
548,0.6293806154744584
221,0.6234708654637895
