Dimension,EDI Score
203,0.7516031738534719
91,0.7513818140385038
446,0.6672038695550886
701,0.6489665059361835
654,0.5826933743419356
544,0.5800682354171006
214,0.5722456547794049
192,0.5634851781505159
676,0.5614545380659839
303,0.5596915222358976
419,0.5457566633745716
487,0.5299132638754065
36,0.5247905457066846
437,0.5230187269973138
526,0.5186732594179608
316,0.4892559414031395
605,0.48401115268389594
221,0.48183009524756254
534,0.477059279677542
256,0.47702548643877163
