Dimension,EDI Score
204,0.6546544524964523
464,0.5973820893077001
545,0.5963152179325659
588,0.5912191499720092
677,0.5883350020635076
92,0.5796557353400897
447,0.5694716845154089
642,0.5668968099016792
334,0.5614126592752747
606,0.5541022771034518
462,0.5305876481835714
101,0.5275909077027028
420,0.516308349804187
561,0.5159243726386472
655,0.5079322791388184
116,0.5026396246909381
391,0.5008175200390915
411,0.5002155516499646
702,0.49963638507581226
554,0.4988598947617967
