Dimension,EDI Score
203,0.7126321462472206
676,0.6292493848605626
587,0.6123148265447853
446,0.6087907386961235
463,0.6052098181103989
641,0.6013360709988307
544,0.5942967698391941
605,0.5846877212928554
100,0.5794660101210808
91,0.5719742200502937
560,0.5525881046635619
419,0.5448489051834214
461,0.539803074960564
654,0.5349105944781068
437,0.5343806150507385
434,0.5330112855039122
701,0.5315263924251359
561,0.5246489832006953
37,0.5191242684700428
311,0.513060914228459
