Dimension,EDI Score
203,0.7081865465880178
676,0.6250029421129231
587,0.6108502155426578
446,0.6065227622766353
641,0.6050924219089645
463,0.5995645409175091
544,0.5960682713855149
91,0.5880819437671714
605,0.584315329650759
100,0.5786683637401511
419,0.5531843650897018
560,0.5508426076344195
461,0.5392848538674635
654,0.5306567755991911
701,0.5287575797207565
434,0.5284441012713982
437,0.5272793830716447
37,0.5213992405529259
561,0.5202877531952398
410,0.5197185366740469
