Dimension,EDI Score
463,0.8181963235997036
192,0.8131996114888855
390,0.7578022704464027
312,0.7228532202861987
649,0.715665959048657
457,0.7037360980145687
411,0.6866863842919532
67,0.6815309379248267
314,0.6800765749994104
243,0.6787573617650637
489,0.670364895006478
505,0.6610798425699865
735,0.6604219100090831
723,0.6481866386909788
160,0.6418544323786269
42,0.6380205996603368
354,0.6321866195388746
22,0.626895771941229
304,0.6245124546186661
512,0.622629876020023
