Dimension,EDI Score
390,0.954242945938722
457,0.9247097319837891
243,0.9230447966421638
463,0.919315775336876
192,0.8907334770863298
489,0.8890046875258258
735,0.8872494009460039
19,0.8816765284957104
67,0.8733238180217562
304,0.8713517447479086
168,0.864304859010892
723,0.862149304978782
298,0.8603889698982181
454,0.8520244127682207
354,0.8471436106053661
387,0.8395618120698114
284,0.8264161501747995
316,0.8206378535244789
411,0.7563490247374727
649,0.7336960154389429
