Dimension,EDI Score
192,0.8154425982218496
463,0.8153512042995256
390,0.7562984872952386
312,0.7224300702940393
649,0.7136410258071936
457,0.7052998192526939
67,0.6920113828811111
411,0.685906723947829
243,0.6852835216551763
314,0.6808344783052253
489,0.6703166087327201
505,0.6639134039072647
735,0.6629095912316103
723,0.6461960106157544
160,0.6411523779414495
42,0.6387994669490278
354,0.6330012470416123
304,0.6279823200974138
22,0.6271163705963768
512,0.6218998665605209
