Dimension,EDI Score
193,0.7788926450057655
464,0.7713896925130305
391,0.7190680881154694
313,0.6930697394814331
650,0.6714288321673765
68,0.6546634325620911
458,0.6527619869490416
244,0.6494515038150769
506,0.6456105300624048
315,0.6415539087502864
490,0.6380713522725385
736,0.6380594042641111
412,0.6373533825229606
724,0.624007396547391
43,0.614621392564966
513,0.6132873123956535
355,0.6091583401449068
537,0.6014736995760313
161,0.5990844822563114
195,0.5942971132021924
