Dimension,EDI Score
750,0.8005287823141315
534,0.7863181641526568
693,0.7077530476955914
725,0.7034400688377078
766,0.699600078346632
179,0.6985433587129645
447,0.6927331912141729
131,0.6905189096073969
27,0.6885052095989777
729,0.6861812702301909
653,0.6726335030414702
767,0.659929675993751
70,0.656143802557063
378,0.647055650080078
308,0.6444989570257553
351,0.6400676031761782
140,0.634109578324305
95,0.6340525004224489
669,0.6289551926436123
523,0.6273624207267965
