Dimension,EDI Score
751,0.7901274558899056
535,0.735370658854836
694,0.6921901411163444
309,0.6812153256654709
767,0.6811536741757068
726,0.6722049696580081
132,0.6709544192202881
28,0.6675922937833225
180,0.6671912118104071
730,0.6616315129779822
448,0.6481066176408874
753,0.6477347257501537
768,0.6461489597420667
96,0.6429633835864412
670,0.6415603046387497
654,0.6361288370766627
17,0.6280965180312836
71,0.6201018378358741
141,0.6184775761646587
468,0.6183473319821418
