Dimension,EDI Score
534,0.9486107821007524
111,0.9338207659784069
653,0.9260406793608018
523,0.9159906853046482
161,0.9145810508245302
27,0.8992371208162628
750,0.8950498318366757
359,0.888200307907747
187,0.88673337232881
257,0.8844058338891456
767,0.8829835298576147
693,0.8815363226127324
725,0.8802644739646925
594,0.8752531601991187
747,0.8724170185318775
16,0.8620084529085412
90,0.8473333187452997
757,0.7949175596821839
378,0.7347588881951416
766,0.7346127918107949
