Dimension,EDI Score
750,0.8047849086293811
534,0.7930368518184234
693,0.7092001313840357
725,0.7027986723614943
447,0.7021026145241268
766,0.7005443773433323
179,0.6959684020023467
729,0.6957538201522542
131,0.6919927680564628
27,0.6835840825872195
653,0.6808871847556757
767,0.6685909964068689
70,0.6566567807098977
378,0.6523333057168115
308,0.6515174264889203
351,0.6499760988906196
140,0.647322998256319
669,0.6467161919857363
585,0.6388388990341102
476,0.6364643912664131
