Dimension,EDI Score
526,0.8063016256618352
760,0.76391532691925
515,0.7555881122257129
209,0.7231671293856037
312,0.7010169817598424
578,0.6815491652110003
235,0.6621993688695982
724,0.6500783101334103
593,0.6299926246059222
359,0.5968361605369806
186,0.5961458589949343
430,0.5677084648924078
734,0.5320777431477393
607,0.529192772275624
174,0.503027230540091
449,0.5027924284425322
125,0.5003061937564144
256,0.4894071735819835
514,0.4877872035117836
255,0.4774676135738014
