Dimension,EDI Score
251,0.802381775083773
661,0.7746084014165792
403,0.7362671883136991
501,0.7277519959146921
385,0.7069930134900095
24,0.6943684791213138
227,0.6903202237859947
125,0.6755819590204917
471,0.6694569254125116
254,0.6563219708563122
164,0.6320129488373362
57,0.6318366199041526
363,0.6276543849183112
682,0.6265217166843622
733,0.6230019174931405
506,0.6131921495370725
71,0.6097122320908291
418,0.6024417151443204
65,0.6006604516850738
152,0.5948321130791695
