Dimension,EDI Score
250,0.8568413817792367
660,0.8276035529552292
500,0.791953138341278
402,0.7840872519286262
384,0.7687189596323597
23,0.7371922478327044
124,0.7119729999967771
470,0.7051711535626721
253,0.6791825871991315
681,0.6758423386610216
226,0.6655816558193486
56,0.655239494470607
732,0.6534793076419596
362,0.6527953946185808
417,0.6425057315636056
163,0.6406525906681296
310,0.632458563730329
70,0.6161740734627157
151,0.6087746713611514
145,0.6064117616558619
