Dimension,EDI Score
250,0.8514390421386091
660,0.8278104017042511
500,0.7816268097980419
402,0.7785980940556385
384,0.7624824751134845
23,0.7341266121548459
124,0.7073405655079513
470,0.70281688649514
253,0.6792596494063835
226,0.6753021457847267
681,0.6704374494099365
732,0.6514473105312726
56,0.650217997961818
362,0.649965186457315
163,0.6433871673096305
417,0.6355936109089827
310,0.6276336566844365
70,0.6198629644663043
151,0.6063451049829285
64,0.6043928836994633
