Dimension,EDI Score
535,0.7704486636888354
767,0.7606406525711624
309,0.7553921785679576
751,0.7473079075784832
96,0.7437338397004286
524,0.7255259743616282
654,0.7253088547839338
112,0.7244973593123198
28,0.7185911602299005
180,0.7082167137859315
287,0.7062448600442008
379,0.7024512153020166
159,0.6947486249376656
487,0.6877468610074531
694,0.6871694949999883
768,0.671698536216206
132,0.6671603044331396
670,0.6617894739506238
71,0.655749895158309
91,0.6548707188923854
