Dimension,EDI Score
766,0.8175025351832115
534,0.8067914650773741
653,0.7803131940043116
27,0.7587026622710341
523,0.7496311376013647
95,0.7495392985854737
179,0.7479354118086403
750,0.7468663659524204
111,0.7292216472904625
286,0.7242026647373507
308,0.7201711372775492
378,0.7105619713613736
693,0.7051742809498748
158,0.7028318882711313
131,0.6997369145900841
486,0.6753551967248502
767,0.6728859151973205
70,0.6693736010054878
90,0.6588446117150711
669,0.6551369533589351
