Dimension,EDI Score
766,0.8182484011945139
534,0.8077652144298361
653,0.7806354633157111
523,0.7630073878253171
27,0.7579938382159931
179,0.7483217557131184
750,0.7433532241603056
95,0.7420918041005564
111,0.7364280834347432
286,0.7270872196732558
308,0.7150199932471111
378,0.7135080429344318
158,0.7088792916484846
131,0.7043993077175332
693,0.7006581446120459
70,0.6853439227900111
767,0.6852638512816951
486,0.678363917146866
669,0.6623243510250317
90,0.6615855249890789
