Dimension,EDI Score
653,0.9866296544461207
523,0.9724414313229649
766,0.9263504384590185
111,0.9192392205411732
27,0.8988783280229868
286,0.8940936554469738
16,0.8766907220302863
222,0.8721638278175721
95,0.8699291114579991
693,0.8698394015993756
486,0.8413633692624615
73,0.8270872238147259
205,0.8203975064219391
339,0.8017267767462299
471,0.7659342799791763
534,0.760096625084844
70,0.7378178124818714
131,0.7358377759177197
767,0.7353889825957218
750,0.7349500948842033
